level	page_num	block_num	par_num	line_num	word_num	left	top	width	height	conf	text
1	1	0	0	0	0	0	0	1080	1350	-1	
2	1	1	0	0	0	472	546	150	90	-1	
3	1	1	1	0	0	472	546	150	90	-1	
4	1	1	1	1	0	472	546	150	90	-1	
5	1	1	1	1	1	472	546	150	90	95.000000	 
2	1	2	0	0	0	0	844	1080	386	-1	
3	1	2	1	0	0	0	844	1080	386	-1	
4	1	2	1	1	0	0	844	1080	386	-1	
5	1	2	1	1	1	0	844	1080	386	95.000000	   
2	1	3	0	0	0	4	641	1063	269	-1	
3	1	3	1	0	0	4	641	1054	268	-1	
4	1	3	1	1	0	211	641	394	66	-1	
5	1	3	1	1	1	211	641	22	66	0.000000	~
5	1	3	1	1	2	488	659	117	30	21.811695	UFEPLS
4	1	3	1	2	0	85	693	521	29	-1	
5	1	3	1	2	1	85	699	30	17	95.719810	No
5	1	3	1	2	2	123	698	68	21	95.555367	fillers,
5	1	3	1	2	3	201	703	26	13	93.103142	no
5	1	3	1	2	4	235	698	113	24	92.053993	fluff—just
5	1	3	1	2	5	547	693	59	27	76.281113	Pets’
4	1	3	1	3	0	83	718	809	100	-1	
5	1	3	1	3	1	83	723	78	18	96.355637	visable
5	1	3	1	3	2	170	725	47	16	96.952309	coat
5	1	3	1	3	3	225	720	109	27	25.579605	support’.
5	1	3	1	3	4	410	739	10	10	78.934441	e
5	1	3	1	3	5	490	718	16	34	35.280716	ut
5	1	3	1	3	6	596	720	6	9	47.405453	.
5	1	3	1	3	7	836	727	56	91	0.000000	h.
4	1	3	1	4	0	4	825	1063	61	-1	
5	1	3	1	4	1	4	872	62	11	56.989292	was
5	1	3	1	4	2	386	851	117	29	17.420368	be
5	1	3	1	4	3	1028	825	39	61	44.709248	Pe
4	1	3	1	5	0	423	877	557	33	-1	
5	1	3	1	5	1	423	906	1	3	19.102888	:
5	1	3	1	5	2	490	879	13	20	18.761444	®
5	1	3	1	5	3	713	878	81	23	96.779716	Omega
5	1	3	1	5	4	802	877	57	33	83.542397	fatty
5	1	3	1	5	5	863	877	56	18	96.534241	acids
5	1	3	1	5	6	927	877	53	18	96.122269	from
2	1	4	0	0	0	712	900	294	26	-1	
3	1	4	1	0	0	712	900	294	26	-1	
4	1	4	1	1	0	712	900	294	26	-1	
5	1	4	1	1	1	712	900	127	20	88.456528	Ahiflower®
5	1	4	1	1	2	847	908	9	7	96.956169	=
5	1	4	1	1	3	867	902	63	18	96.956169	shine
5	1	4	1	1	4	938	902	68	24	96.620049	goals.
2	1	5	0	0	0	168	1249	50	13	-1	
3	1	5	1	0	0	168	1249	50	13	-1	
4	1	5	1	1	0	168	1249	50	13	-1	
5	1	5	1	1	1	168	1249	50	13	95.000000	 
