level	page_num	block_num	par_num	line_num	word_num	left	top	width	height	conf	text
1	1	0	0	0	0	0	0	1080	1350	-1	
2	1	1	0	0	0	188	802	347	31	-1	
3	1	1	1	0	0	188	802	347	31	-1	
4	1	1	1	1	0	188	802	347	31	-1	
5	1	1	1	1	1	188	802	188	31	92.756317	ahiflower®
5	1	1	1	1	2	388	803	105	30	96.647301	aceite
5	1	1	1	1	3	506	802	29	31	96.913467	si
2	1	2	0	0	0	188	879	312	76	-1	
3	1	2	1	0	0	188	879	312	76	-1	
4	1	2	1	1	0	190	879	310	21	-1	
5	1	2	1	1	1	190	879	114	21	92.576942	proporciona
5	1	2	1	1	2	312	879	51	16	85.986816	acido
5	1	2	1	1	3	370	879	130	17	93.039764	estearidonico
4	1	2	1	2	0	188	927	303	28	-1	
5	1	2	1	2	1	188	927	61	28	96.940590	sda),
5	1	2	1	2	2	261	933	121	22	96.405167	precursor
5	1	2	1	2	3	391	928	36	22	92.935661	del
5	1	2	1	2	4	437	933	54	22	92.069969	epa,
2	1	3	0	0	0	186	973	326	70	-1	
3	1	3	1	0	0	186	973	326	70	-1	
4	1	3	1	1	0	189	973	323	29	-1	
5	1	3	1	1	1	189	975	98	26	93.269600	soporte
5	1	3	1	1	2	297	973	88	28	46.638687	6ptimo
5	1	3	1	1	3	395	974	117	28	93.036934	omega-3
4	1	3	1	2	0	186	1004	287	39	-1	
5	1	3	1	2	1	186	1017	69	16	66.398018	funcion
5	1	3	1	2	2	368	1004	93	39	49.834564	dogs®
5	1	3	1	2	3	469	1031	4	4	8.068180	‘
2	1	4	0	0	0	681	1019	256	120	-1	
3	1	4	1	0	0	681	1019	256	120	-1	
4	1	4	1	1	0	681	1019	256	120	-1	
5	1	4	1	1	1	681	1019	256	120	95.000000	 
2	1	5	0	0	0	102	138	909	650	-1	
3	1	5	1	0	0	102	138	909	650	-1	
4	1	5	1	1	0	102	138	909	650	-1	
5	1	5	1	1	1	102	138	909	650	95.000000	 
