level	page_num	block_num	par_num	line_num	word_num	left	top	width	height	conf	text
1	1	0	0	0	0	0	0	1080	1350	-1	
2	1	1	0	0	0	102	138	909	650	-1	
3	1	1	1	0	0	102	138	909	650	-1	
4	1	1	1	1	0	102	138	909	650	-1	
5	1	1	1	1	1	102	138	909	650	95.000000	 
2	1	2	0	0	0	184	790	809	272	-1	
3	1	2	1	0	0	185	790	808	212	-1	
4	1	2	1	1	0	185	790	739	71	-1	
5	1	2	1	1	1	185	792	325	62	92.274353	Ahiflower®
5	1	2	1	1	2	530	792	89	51	96.167152	Oil
5	1	2	1	1	3	793	790	131	71	67.538956	Sy
4	1	2	1	2	0	187	854	745	53	-1	
5	1	2	1	2	1	187	871	134	26	92.486992	Provides
5	1	2	1	2	2	333	871	190	26	91.684189	stearidonic
5	1	2	1	2	3	535	871	66	26	96.787605	acid
5	1	2	1	2	4	772	855	28	52	40.181499	r
5	1	2	1	2	5	816	895	32	11	23.678535	=
5	1	2	1	2	6	865	854	43	34	0.000000	“
4	1	2	1	3	0	185	896	808	106	-1	
5	1	2	1	3	1	185	918	96	31	96.719231	(SDA),
5	1	2	1	3	2	295	924	15	19	95.852699	a
5	1	2	1	3	3	324	924	155	27	95.852699	precursor
5	1	2	1	3	4	489	920	31	23	96.995018	to
5	1	2	1	3	5	534	918	65	29	96.761688	EPA,
5	1	2	1	3	6	749	905	30	56	18.441143	¢
5	1	2	1	3	7	806	927	6	2	10.977020	:
5	1	2	1	3	8	857	896	136	106	41.655956	SZ
4	1	2	1	4	0	186	960	570	42	-1	
5	1	2	1	4	1	186	964	173	33	96.329460	supporting
5	1	2	1	4	2	373	963	119	34	93.278595	optimal
5	1	2	1	4	3	506	964	139	33	92.332024	omega-3
5	1	2	1	4	4	732	960	24	42	0.000000	o
3	1	2	2	0	0	184	1001	738	61	-1	
4	1	2	2	1	0	184	1001	738	61	-1	
5	1	2	2	1	1	184	1009	131	26	96.787125	function
5	1	2	2	1	2	330	1010	24	25	92.975723	in
5	1	2	2	1	3	368	1004	105	39	29.267441	dogs®.
5	1	2	2	1	4	748	1028	14	10	53.880001	a
5	1	2	2	1	5	824	1023	14	39	75.241631	¢
5	1	2	2	1	6	899	1001	23	27	78.439980	»
