level	page_num	block_num	par_num	line_num	word_num	left	top	width	height	conf	text
1	1	0	0	0	0	0	0	1080	1350	-1	
2	1	1	0	0	0	41	123	343	39	-1	
3	1	1	1	0	0	41	123	343	39	-1	
4	1	1	1	1	0	41	123	343	39	-1	
5	1	1	1	1	1	41	123	81	31	91.859543	brillo
5	1	1	1	1	2	136	123	248	39	91.024567	instagramable
2	1	2	0	0	0	295	212	422	38	-1	
3	1	2	1	0	0	295	212	422	38	-1	
4	1	2	1	1	0	295	212	422	38	-1	
5	1	2	1	1	1	295	212	169	30	92.872833	comienza
5	1	2	1	1	2	477	219	61	23	95.127037	con
5	1	2	1	1	3	553	219	41	23	95.127037	un
5	1	2	1	1	4	608	212	109	38	96.674706	spray"
2	1	3	0	0	0	337	406	76	17	-1	
3	1	3	1	0	0	337	406	76	17	-1	
4	1	3	1	1	0	337	406	76	17	-1	
5	1	3	1	1	1	337	406	42	17	96.930183	vida
5	1	3	1	1	2	387	406	26	17	71.938538	Util
2	1	4	0	0	0	785	1038	173	36	-1	
3	1	4	1	0	0	785	1038	173	36	-1	
4	1	4	1	1	0	785	1038	173	36	-1	
5	1	4	1	1	1	785	1038	173	36	0.000000	 IFEPLYY
2	1	5	0	0	0	887	1084	73	43	-1	
3	1	5	1	0	0	887	1084	88	50	-1	
4	1	5	1	1	0	887	1084	73	43	-1	
5	1	5	1	1	1	887	1084	73	43	70.299995	Pets;
2	1	6	0	0	0	202	352	780	998	-1	
3	1	6	1	0	0	202	352	780	998	-1	
4	1	6	1	1	0	202	352	780	998	-1	
5	1	6	1	1	1	202	352	780	998	95.000000	   
2	1	7	0	0	0	60	1191	162	34	-1	
3	1	7	1	0	0	60	1191	162	34	-1	
4	1	7	1	1	0	60	1191	99	13	-1	
5	1	7	1	1	1	60	1191	45	13	90.404404	ShopID
5	1	7	1	1	2	114	1191	45	10	91.542145	SHVCBS
4	1	7	1	2	0	60	1212	162	13	-1	
5	1	7	1	2	1	60	1212	30	13	96.204536	Shop
5	1	7	1	2	2	99	1212	21	10	93.253738	URL
5	1	7	1	2	3	129	1212	93	13	83.637131	www.1ifeplus
2	1	8	0	0	0	819	1121	13	198	-1	
3	1	8	1	0	0	819	1121	13	198	-1	
4	1	8	1	1	0	819	1121	13	198	-1	
5	1	8	1	1	1	819	1178	13	141	91.127060	AHIFLOWER®
5	1	8	1	1	2	819	1121	13	41	94.632942	OIL
2	1	9	0	0	0	59	1243	466	59	-1	
3	1	9	1	0	0	59	1243	466	59	-1	
4	1	9	1	1	0	59	1243	466	59	-1	
5	1	9	1	1	1	59	1243	466	59	95.000000	 
