level	page_num	block_num	par_num	line_num	word_num	left	top	width	height	conf	text
1	1	0	0	0	0	0	0	1080	1350	-1	
2	1	1	0	0	0	0	0	1080	1168	-1	
3	1	1	1	0	0	0	0	1080	1168	-1	
4	1	1	1	1	0	0	0	1080	1168	-1	
5	1	1	1	1	1	0	0	1080	1168	95.000000	 
2	1	2	0	0	0	60	1195	984	35	-1	
3	1	2	1	0	0	60	1195	984	35	-1	
4	1	2	1	1	0	60	1195	99	13	-1	
5	1	2	1	1	1	60	1195	46	13	88.986633	ShopID
5	1	2	1	1	2	114	1195	45	10	91.112946	SHVCBS
4	1	2	1	2	0	60	1217	984	13	-1	
5	1	2	1	2	1	60	1217	30	13	96.645294	Shop
5	1	2	1	2	2	99	1217	21	10	96.309242	URL
5	1	2	1	2	3	128	1208	28	29	45.659874	www.
5	1	2	1	2	4	159	1217	69	13	45.659874	1ifeplus.
5	1	2	1	2	5	1041	1218	3	4	43.389198	¢
2	1	3	0	0	0	60	1245	945	51	-1	
3	1	3	1	0	0	60	1245	945	51	-1	
4	1	3	1	1	0	60	1245	617	15	-1	
5	1	3	1	1	1	60	1245	44	12	55.212666	‘These
5	1	3	1	1	2	114	1248	77	9	96.385262	statements
5	1	3	1	1	3	201	1247	31	11	95.559357	have
5	1	3	1	1	4	241	1248	22	9	95.414940	not
5	1	3	1	1	5	273	1247	31	10	93.238152	been
5	1	3	1	1	6	313	1247	70	11	91.078148	eValuated
5	1	3	1	1	7	393	1247	14	13	96.987587	by
5	1	3	1	1	8	417	1247	23	10	95.457901	the
5	1	3	1	1	9	449	1247	30	10	95.457901	Food
5	1	3	1	1	10	489	1247	22	10	96.772820	and
5	1	3	1	1	11	521	1247	31	13	96.772820	Drug
5	1	3	1	1	12	560	1247	117	11	77.188019	Administration.
4	1	3	1	2	0	60	1252	945	34	-1	
5	1	3	1	2	1	60	1265	30	11	95.912376	This
5	1	3	1	2	2	100	1265	55	13	96.674461	product
5	1	3	1	2	3	164	1268	14	8	96.674461	is
5	1	3	1	2	4	188	1266	23	10	96.912323	not
5	1	3	1	2	5	221	1265	62	11	96.791756	intended
5	1	3	1	2	6	292	1266	15	9	96.503433	to
5	1	3	1	2	7	316	1265	68	14	95.924461	diagnose,
5	1	3	1	2	8	396	1266	44	11	95.924461	treat,
5	1	3	1	2	9	452	1267	31	8	96.797546	cure
5	1	3	1	2	10	492	1268	15	7	95.310226	or
5	1	3	1	2	11	516	1266	55	12	95.831718	prevent
5	1	3	1	2	12	580	1267	23	11	96.762711	any
5	1	3	1	2	13	612	1265	55	11	96.774590	disease
5	1	3	1	2	14	821	1252	6	32	67.187424	|
5	1	3	1	2	15	967	1252	38	34	92.323036	U
4	1	3	1	3	0	60	1283	391	13	-1	
5	1	3	1	3	1	60	1283	30	11	96.744293	This
5	1	3	1	3	2	100	1283	55	13	93.791626	product
5	1	3	1	3	3	164	1283	14	11	93.791626	is
5	1	3	1	3	4	188	1283	63	10	96.281570	intended
5	1	3	1	3	5	260	1283	23	10	96.905342	for
5	1	3	1	3	6	292	1283	23	10	96.504929	the
5	1	3	1	3	7	324	1283	23	10	94.370018	U.S.
5	1	3	1	3	8	364	1283	47	10	95.725105	market
5	1	3	1	3	9	420	1283	31	13	95.882416	only
