level	page_num	block_num	par_num	line_num	word_num	left	top	width	height	conf	text
1	1	0	0	0	0	0	0	1080	1350	-1	
2	1	1	0	0	0	552	388	33	89	-1	
3	1	1	1	0	0	552	388	33	89	-1	
4	1	1	1	1	0	552	388	32	36	-1	
5	1	1	1	1	1	552	388	32	36	31.148945	=
4	1	1	1	2	0	580	427	5	50	-1	
5	1	1	1	2	1	580	427	5	50	58.480030	|
2	1	2	0	0	0	211	641	394	72	-1	
3	1	2	1	0	0	211	641	394	72	-1	
4	1	2	1	1	0	211	641	394	72	-1	
5	1	2	1	1	1	211	641	45	53	7.992468	iv]
5	1	2	1	1	2	488	646	117	67	24.136934	UFEPLLY
2	1	3	0	0	0	85	701	409	46	-1	
3	1	3	1	0	0	85	701	409	46	-1	
4	1	3	1	1	0	88	701	406	46	-1	
5	1	3	1	1	1	88	702	30	17	93.267441	sin
5	1	3	1	1	2	127	702	91	17	91.710136	rellenos.
5	1	3	1	1	3	228	702	30	19	97.010216	sin
5	1	3	1	1	4	267	702	59	45	0.000000	aopee
5	1	3	1	1	5	336	701	45	20	33.252655	s6lo
5	1	3	1	1	6	390	703	104	18	92.700211	mascotas
4	1	3	1	2	0	85	729	249	15	-1	
5	1	3	1	2	1	85	729	49	12	94.913712	visable
5	1	3	1	2	2	139	732	35	12	93.834839	capa
5	1	3	1	2	3	331	738	3	3	27.421070	i
2	1	4	0	0	0	511	389	33	97	-1	
3	1	4	1	0	0	511	389	33	97	-1	
4	1	4	1	1	0	511	389	33	97	-1	
5	1	4	1	1	1	511	389	33	97	0.000000	_—
2	1	5	0	0	0	23	792	1006	97	-1	
3	1	5	1	0	0	23	792	1006	77	-1	
4	1	5	1	1	0	23	792	42	42	-1	
5	1	5	1	1	1	23	792	42	42	26.320152	cad
4	1	5	1	2	0	269	804	48	32	-1	
5	1	5	1	2	1	269	804	48	32	37.855381	ha
4	1	5	1	3	0	393	797	39	43	-1	
5	1	5	1	3	1	393	797	39	43	32.909790	>.
4	1	5	1	4	0	428	842	48	27	-1	
5	1	5	1	4	1	428	842	48	27	40.832500	}
4	1	5	1	5	0	528	815	48	51	-1	
5	1	5	1	5	1	528	815	48	51	13.724890	PS
4	1	5	1	6	0	799	824	87	65	-1	
5	1	5	1	6	1	799	824	87	65	52.531490	é
4	1	5	1	7	0	906	821	32	23	-1	
5	1	5	1	7	1	906	821	32	23	21.714563	E
4	1	5	1	8	0	948	832	36	12	-1	
5	1	5	1	8	1	948	832	36	12	8.953276	P
4	1	5	1	9	0	986	825	43	23	-1	
5	1	5	1	9	1	986	825	43	23	5.733271	p
2	1	6	0	0	0	0	844	1080	384	-1	
3	1	6	1	0	0	0	844	1080	384	-1	
4	1	6	1	1	0	0	844	1080	384	-1	
5	1	6	1	1	1	0	844	1080	384	95.000000	   
