level	page_num	block_num	par_num	line_num	word_num	left	top	width	height	conf	text
1	1	0	0	0	0	0	0	1080	1350	-1	
2	1	1	0	0	0	390	823	310	2	-1	
3	1	1	1	0	0	390	823	310	2	-1	
4	1	1	1	1	0	390	823	310	2	-1	
5	1	1	1	1	1	390	823	310	2	95.000000	 
2	1	2	0	0	0	0	0	1021	1142	-1	
3	1	2	1	0	0	0	0	1021	1142	-1	
4	1	2	1	1	0	0	0	1021	1142	-1	
5	1	2	1	1	1	0	0	1021	1142	95.000000	 
2	1	3	0	0	0	798	868	13	174	-1	
3	1	3	1	0	0	798	868	13	174	-1	
4	1	3	1	1	0	798	868	13	174	-1	
5	1	3	1	1	1	798	918	13	124	7.204752	_AHIFLOWER®
5	1	3	1	1	2	799	868	11	35	94.359177	OIL
2	1	4	0	0	0	148	1009	525	95	-1	
3	1	4	1	0	0	148	1009	525	95	-1	
4	1	4	1	1	0	148	1009	507	24	-1	
5	1	4	1	1	1	148	1009	136	24	96.264000	CUIDADO
5	1	4	1	1	2	295	1010	39	22	96.359962	DE
5	1	4	1	1	3	345	1010	35	22	93.108421	LA
5	1	4	1	1	4	391	1010	69	22	91.403938	PIEL.
5	1	4	1	1	5	472	1010	57	22	92.111481	DEL
5	1	4	1	1	6	539	1010	116	23	86.278786	PELAJE.
4	1	4	1	2	0	149	1076	524	28	-1	
5	1	4	1	2	1	149	1076	163	28	96.775589	CUIDADO
5	1	4	1	2	2	327	1076	95	27	92.928947	PARA
5	1	4	1	2	3	433	1076	240	28	90.858566	CACHORROS.
2	1	5	0	0	0	60	1197	168	34	-1	
3	1	5	1	0	0	60	1197	168	34	-1	
4	1	5	1	1	0	60	1197	99	13	-1	
5	1	5	1	1	1	60	1197	46	13	90.050140	ShopID
5	1	5	1	1	2	114	1197	45	10	91.631714	SHVCBS
4	1	5	1	2	0	60	1218	168	13	-1	
5	1	5	1	2	1	60	1218	30	13	96.745171	Shop
5	1	5	1	2	2	99	1218	21	10	93.122711	URL
5	1	5	1	2	3	129	1218	99	13	82.667145	www.1ifeplus.
2	1	6	0	0	0	62	1234	943	64	-1	
3	1	6	1	0	0	62	1250	943	48	-1	
4	1	6	1	1	0	62	1250	555	11	-1	
5	1	6	1	1	1	62	1250	35	10	84.677773	“estas
5	1	6	1	1	2	101	1250	80	10	82.067261	declaraciones
5	1	6	1	1	3	185	1253	14	7	96.728455	no
5	1	6	1	1	4	203	1250	21	10	96.728455	han
5	1	6	1	1	5	229	1250	23	10	93.274948	sido
5	1	6	1	1	6	256	1250	59	10	92.011108	evaluadas
5	1	6	1	1	7	319	1253	19	8	95.914413	por
5	1	6	1	1	8	342	1250	9	10	68.928635	la
5	1	6	1	1	9	355	1250	83	10	84.953484	administracién
5	1	6	1	1	10	442	1250	14	10	96.626724	de
5	1	6	1	1	11	461	1250	65	11	93.294075	alimentos
5	1	6	1	1	12	521	1246	8	20	89.049049	y
5	1	6	1	1	13	530	1250	87	10	91.481621	medicamentos.
4	1	6	1	2	0	62	1234	943	64	-1	
5	1	6	1	2	1	62	1234	34	57	33.632721	‘re
5	1	6	1	2	2	100	1234	77	57	0.000000	ceecere
5	1	6	1	2	3	186	1270	39	9	42.567535	sen
5	1	6	1	2	4	252	1270	177	9	16.674566	tenants
5	1	6	1	2	5	471	1270	84	12	45.600681	on
5	1	6	1	2	6	821	1252	184	46	0.615263	IFeplU
