level	page_num	block_num	par_num	line_num	word_num	left	top	width	height	conf	text
1	1	0	0	0	0	0	0	1080	1350	-1	
2	1	1	0	0	0	168	786	123	32	-1	
3	1	1	1	0	0	168	786	123	32	-1	
4	1	1	1	1	0	168	786	123	32	-1	
5	1	1	1	1	1	168	786	123	32	50.055023	UFEPLY
2	1	2	0	0	0	166	821	140	219	-1	
3	1	2	1	0	0	170	821	136	219	-1	
4	1	2	1	1	0	281	821	8	11	-1	
5	1	2	1	1	1	281	821	8	11	95.462265	4
4	1	2	1	2	0	229	830	64	21	-1	
5	1	2	1	2	1	229	830	64	21	74.877388	Pets:
4	1	2	1	3	0	166	847	140	27	-1	
5	1	2	1	3	1	166	847	16	27	52.989574	Fi
5	1	2	1	3	2	281	851	25	19	26.535511	Lip
4	1	2	1	4	0	170	871	12	9	-1	
5	1	2	1	4	1	170	871	12	9	39.558811	a
4	1	2	1	5	0	170	883	12	11	-1	
5	1	2	1	5	1	170	883	12	11	46.056923	fo}
4	1	2	1	6	0	171	908	11	19	-1	
5	1	2	1	6	1	171	908	11	19	69.186470	te
4	1	2	1	7	0	171	929	11	11	-1	
5	1	2	1	7	1	171	929	11	11	34.910549	Ww
4	1	2	1	8	0	171	941	11	25	-1	
5	1	2	1	8	1	171	941	11	25	50.987740	5
4	1	2	1	9	0	171	970	11	8	-1	
5	1	2	1	9	1	171	970	11	8	25.861088	a
4	1	2	1	10	0	171	960	85	46	-1	
5	1	2	1	10	1	171	960	85	46	33.127533	cf
4	1	2	1	11	0	171	1005	12	12	-1	
5	1	2	1	11	1	171	1005	12	12	93.701691	=
4	1	2	1	12	0	170	1019	14	21	-1	
5	1	2	1	12	1	170	1019	14	21	72.729233	=
2	1	3	0	0	0	78	1060	226	158	-1	
3	1	3	1	0	0	78	1059	229	159	-1	
4	1	3	1	1	0	78	1060	226	158	-1	
5	1	3	1	1	1	78	1060	226	158	53.924122	=
2	1	4	0	0	0	0	87	1080	751	-1	
3	1	4	1	0	0	0	87	1080	751	-1	
4	1	4	1	1	0	0	87	1080	751	-1	
5	1	4	1	1	1	0	87	1080	751	95.000000	   
2	1	5	0	0	0	342	784	58	48	-1	
3	1	5	1	0	0	342	784	58	48	-1	
4	1	5	1	1	0	342	784	58	48	-1	
5	1	5	1	1	1	342	784	58	48	56.343994	Va
